Total_Paradas,MTTR_Global_Cons,MTTR_Global_Amplo,MTBF_Global_Cons,MTBF_Global_Amplo
35140,224.21999082989453,53.33543521195295,155.3223226703755,50.97967056039089
